**建表准备**

```mysql
create table department(
id int,
name varchar(20) 
);

create table employee(
id int primary key auto_increment,
name varchar(20),
sex enum('male','female') not null default 'male',
age int,
dep_id int
);

#插入数据
insert into department values
(200,'技术'),
(201,'人力资源'),
(202,'销售'),
(203,'运营');

insert into employee(name,sex,age,dep_id) values
('egon','male',18,200),
('alex','female',48,201),
('wupeiqi','male',38,201),
('yuanhao','female',28,202),
('liwenzhou','male',18,200),
('jingliyang','female',18,204)
;
```

### **连表**

---

所谓连表

​	总是再连接的时候创建一张大表，里面存放的是两张表的笛卡尔积

​	再根据条件进行筛选就可以了

```mysql
mysql> select * from department,employee where department.id = dep_id;
+------+--------------+----+-----------+--------+------+--------+
| id   | name         | id | name      | sex    | age  | dep_id |
+------+--------------+----+-----------+--------+------+--------+
|  200 | 技术         |  1 | egon      | male   |   18 |    200 |
|  201 | 人力资源     |  2 | alex      | female |   48 |    201 |
|  201 | 人力资源     |  3 | wupeiqi   | male   |   38 |    201 |
|  202 | 销售         |  4 | yuanhao   | female |   28 |    202 |
|  200 | 技术         |  5 | liwenzhou | male   |   18 |    200 |
+------+--------------+----+-----------+--------+------+--------+
5 rows in set (0.00 sec)
```

表与表之间的连接方式

```
select * 表1，表2 where 条件
	内连级 inner join .. on ...
select * from 表1 inner join 表2 on 条件
	外连接
		左外连接 left join ... on ..
			select * from 表1 left join 表2 on 条件
		右外连接
		全外连接 不常用

```

#### inner join

```mysql
mysql> select * from department inner join employee on department.id = dep_Id;
+------+--------------+----+-----------+--------+------+--------+
| id   | name         | id | name      | sex    | age  | dep_id |
+------+--------------+----+-----------+--------+------+--------+
|  200 | 技术         |  1 | egon      | male   |   18 |    200 |
|  201 | 人力资源     |  2 | alex      | female |   48 |    201 |
|  201 | 人力资源     |  3 | wupeiqi   | male   |   38 |    201 |
|  202 | 销售         |  4 | yuanhao   | female |   28 |    202 |
|  200 | 技术         |  5 | liwenzhou | male   |   18 |    200 |
+------+--------------+----+-----------+--------+------+--------+
5 rows in set(0.00 sec)
```

同样的我们可以使用重命名的方式

```mysql
mysql> select * from department as t1 inner join employee as t2 on t1.id = t2.dep_Id;
+------+--------------+----+-----------+--------+------+--------+
| id   | name         | id | name      | sex    | age  | dep_id |
+------+--------------+----+-----------+--------+------+--------+
|  200 | 技术         |  1 | egon      | male   |   18 |    200 |
|  201 | 人力资源     |  2 | alex      | female |   48 |    201 |
|  201 | 人力资源     |  3 | wupeiqi   | male   |   38 |    201 |
|  202 | 销售         |  4 | yuanhao   | female |   28 |    202 |
|  200 | 技术         |  5 | liwenzhou | male   |   18 |    200 |
+------+--------------+----+-----------+--------+------+--------+
5 rows in set (0.00 sec)
```

#### left join，完全是按照左边的表来判断的，对应的就显示，不对应就显示null

```mysql
mysql> select * from department as t1 left join employee as t2 on t1.id = t2.dep_id;
+------+--------------+------+-----------+--------+------+--------+
| id   | name         | id   | name      | sex    | age  | dep_id |
+------+--------------+------+-----------+--------+------+--------+
|  200 | 技术         |    1 | egon      | male   |   18 |    200 |
|  200 | 技术         |    5 | liwenzhou | male   |   18 |    200 |
|  201 | 人力资源     |    2 | alex      | female |   48 |    201 |
|  201 | 人力资源     |    3 | wupeiqi   | male   |   38 |    201 |
|  202 | 销售         |    4 | yuanhao   | female |   28 |    202 |
|  203 | 运营         | NULL | NULL      | NULL   | NULL |   NULL |
+------+--------------+------+-----------+--------+------+--------+
6 rows in set (0.01 sec)
```

问题：

```
1.找到技术部门的所有人的姓名
2.找到人力资源部的年龄大于40岁的姓名
3.每个部门的名字，以及他自己有多少个人
```

```mysql
# 第一题答案
mysql> select t2.name from department as t1 inner join employee as t2 on t1.id = dep_id where t1.name='技术';
+-----------+
| name      |
+-----------+
| egon      |
| liwenzhou |
+-----------+
2 rows in set (0.00 sec)
```

```mysql
# 第二题答案
mysql> select t2.name from department as t1 inner join employee as t2 on t1.id = dep_id where age > 40;
+------+
| name |
+------+
| alex |
+------+
1 row in set (0.00 sec)
```

```mysql
# 第三题答案
mysql> select d.name,count(e.id) from department d left join employee e on e.dep_id = d.id group by d.name;
+--------------+-------------+
| name         | count(e.id) |
+--------------+-------------+
| 技术         |           2 |
| 人力资源     |           2 |
| 销售         |           1 |
| 运营         |           0 |
+--------------+-------------+
4 rows in set (0.00 sec)
```

### 子查询

---

```
查询平均年龄在25岁上的部门名字
```

```mysql
mysql>  select * from employee group by dep_id having avg(age) > 25;
+----+---------+--------+------+--------+
| id | name    | sex    | age  | dep_id |
+----+---------+--------+------+--------+
|  2 | alex    | female |   48 |    201 |
|  4 | yuanhao | female |   28 |    202 |
+----+---------+--------+------+--------+
2 rows in set (0.01 sec)

mysql> select name as department_name from department where id in (select dep_id from employee group by dep_id having avg(age) > 25);
+-----------------+
| department_name |
+-----------------+
| 人力资源        |
| 销售            |
+-----------------+
2 rows in set (0.00 sec)
```

```
查询在技术部里面的人
```

```mysql
mysql> select * from employee where dep_id in (select id from department where name = '技术');
+----+-----------+------+------+--------+
| id | name      | sex  | age  | dep_id |
+----+-----------+------+------+--------+
|  1 | egon      | male |   18 |    200 |
|  5 | liwenzhou | male |   18 |    200 |
+----+-----------+------+------+--------+
2 rows in set (0.04 sec)
```



```
查询大于所有人平均年龄的员工工名与年龄
```

```mysql
mysql> select avg(age) from employee;
+----------+
| avg(age) |
+----------+
|  28.0000 |
+----------+
1 row in set (0.04 sec)

mysql>  select * from employee where age > (select avg(age) from employee);
+----+---------+--------+------+--------+
| id | name    | sex    | age  | dep_id |
+----+---------+--------+------+--------+
|  2 | alex    | female |   48 |    201 |
|  3 | wupeiqi | male   |   38 |    201 |
+----+---------+--------+------+--------+
2 rows in set (0.00 sec)
```

```
查询大于部门内平均年龄的员工名，年龄
```

```mysql
mysql> select * from employee as t1 inner join (select dep_id,avg(age) avg_age from employee group by dep_id) as t2 on t1.dep_id = t2.dep_id where age > avg_age;
+----+------+--------+------+--------+--------+---------+
| id | name | sex    | age  | dep_id | dep_id | avg_age |
+----+------+--------+------+--------+--------+---------+
|  2 | alex | female |   48 |    201 |    201 | 43.0000 |
+----+------+--------+------+--------+--------+---------+
1 row in set (0.00 sec)
```



```
多表查询
    连表查
        内连接  必须左表和右表中条件互相匹配的项才会被显示出来
            表1 inner join 表2 on 条件
        外链接 会显示条件不匹配的项
            left join 左表显示全部,右表中的数据必须和左表条件互相匹配的项才会被显示出来
            right join 右表显示全部,左表中的数据必须和右表条件互相匹配的项才会被显示出来
            全外连接
                left join
                union
                right join
    子查询
        select * from 表 where 字段 = (select 字段 from 表 where 条件)
        select * from 表 where 字段 > (select 字段 from 表 where 条件)
        select * from 表 where 字段 in (select 字段 from 表 where 条件)

5\查询至少有一门课与学号为1的同学所学课程相同的同学的学号和姓名；
    select course_id from score where student_id =1;
    select * from score where course_id in (1,2,4);
    select distinct student_id from score where course_id in (select course_id from score where student_id =1) and student_id !=1;
    select sid,sname from student right join (select distinct student_id from score where course_id in (select course_id from score where student_id =1) and student_id !=1) as t
                  on student.sid = t.student_id;

     select course_id from score where student_id =1
     select * from student as t1 inner join score as t2 on t1.sid = t2.student_id where course_id in (select course_id from score where student_id =1);
     select distinct student_id,sname from student as t1 inner join score as t2 on t1.sid = t2.student_id where course_id in (select course_id from score where student_id =1);

8\查询课程编号“2”的成绩比课程编号“1”课程低的所有同学的学号、姓名；
    把课程编号2的所有人的学生id,成绩找出来
    select student_id as sid2,num as n2 from score where course_id = 2;
    把课程编号1的所有人的学生id,成绩找出来
    select student_id as sid1,num as n1 from score where course_id = 1;
    课程编号“2”的成绩比课程编号“1”课程低的所有同学的学号
    select sid1 from (select student_id as sid2,num as n2 from score where course_id = 2) as t2
                  inner join
                  (select student_id as sid1,num as n1 from score where course_id = 1) as t1
                  on t1.sid1 = t2.sid2 where n2<n1;
    连表student,取名字
    select sid,sname from student right join (
                  select sid1 from (select student_id as sid2,num as n2 from score where course_id = 2) as t2
                  inner join
                  (select student_id as sid1,num as n1 from score where course_id = 1) as t1
                  on t1.sid1 = t2.sid2 where n2<n1
            ) as tmp
            on student.sid = tmp.sid1;

9\查询“生物”课程比“物理”课程成绩高的所有学生的学号；
    先获取生物课的id
    select cid from course where cname = '生物';
    先获取生物理的id
    select cid from course where cname = '物理';
    找到所有学物理的人
    select student_id as sid2,num as n2 from score where course_id = (select cid from course where cname = '物理');
    select student_id as sid2,num as n2 from score where course_id = (select cid from course where cname = '生物');

    select sid1 from (select student_id as sid1,num as n1 from score where course_id = (select cid from course where cname = '物理')) t1
                    inner join
                    (select student_id as sid2,num as n2 from score where course_id = (select cid from course where cname = '生物')) t2
                    on t1.sid1 = t2.sid2 where n2>n1;

13\查询没学过“张磊老师”课的同学的学号、姓名；
    找一下张磊老师教什么课,取课程id
    select cid from course inner join teacher on course.teacher_id = teacher.tid where tname = '张磊老师';
    再从score表中找到学习张磊老师课程的学生
    select distinct student_id from score where course_id in (select cid from course inner join teacher on course.teacher_id = teacher.tid where tname = '张磊老师');
    再找不是这些学生的其他人
    select sid,sname from student where sid not in (
        select distinct student_id from score where course_id in (select cid from course inner join teacher on course.teacher_id = teacher.tid where tname = '张磊老师'));

15\查询学过“李平老师”所教的所有课的同学的学号、姓名；
    找到李平老师教的课程
    select cid from course inner join teacher on course.teacher_id = teacher.tid where tname = '李平老师';
    select count(cid) from course inner join teacher on course.teacher_id = teacher.tid where tname = '李平老师';
    # 找到所有学习李平老师课的学生
    select * from score where course_id in (select cid from course inner join teacher on course.teacher_id = teacher.tid where tname = '李平老师');
    # 查询学号
    select student_id  from score where course_id in (
        select cid from course inner join teacher on course.teacher_id = teacher.tid where tname = '李平老师') group by student_id having count(*) = (
        select count(cid) from course inner join teacher on course.teacher_id = teacher.tid where tname = '李平老师'
    );
    查询姓名
    select sid,sname from student right join (
        select student_id  from score where course_id in (
            select cid from course inner join teacher on course.teacher_id = teacher.tid where tname = '李平老师') group by student_id having count(*) = (
            select count(cid) from course inner join teacher on course.teacher_id = teacher.tid where tname = '李平老师'
        )) as tmp on tmp.student_id =  student.sid;





```





















aasdasfasfasf

